GeneName,value
HLA-C,4.74382257852838
APP,4.71131865496387
APOE,4.67926646405703
HLA-B,4.67903681509972
MYO5A,4.66904645385685
PLEC,4.66362254648586
HLA-DRB1,4.61387669265997
MADD,4.60920663578957
ABCA8,4.57444502066082
PEPD,4.57387320215805
DOCK8,4.57276148922318
NDUFS2,4.56122315570884
PRKG1,4.55847136379541
DCC,4.55301769283177
TRAP1,4.54306595877048
NOS1,4.54097855096778
WWOX,4.51063484514582
ALDH5A1,4.50566561146505
LSS,4.50098391525893
SQSTM1,4.49887509748342
GFM2,4.49166028146981
MPZ,4.48831606489622
GRIN2B,4.48540518044959
ITPA,4.48364494521206
NDUFA10,4.48021661196711
LEMD2,4.47555248900132
CYB561,4.45676603152321
CDH13,4.45313155728396
SDHC,4.44310414355151
MAPT,4.44271042048525
TSC2,4.432214275295
CPVL,4.42824432409014
HLA-DRA,4.41214031869406
P2RX7,4.40187493112982
PYGL,4.39848032998685
SUMF1,4.39823218503171
TREM2,4.39328865350947
CAST,4.39126581022079
LHPP,4.3860238928274
EGFR,4.37258215348529
LAMA5,4.37159459841962
MATN2,4.3704662038057
SPG7,4.36937638240342
VLDLR,4.36914257211095
LPIN1,4.36724335678461
PIK3CD,4.3671483483195
GLRX5,4.36467155280179
CRPPA,4.36091900033494
PLCG2,4.35996404378537
AGL,4.35809008550827
LRPPRC,4.34675090610235
NUP62,4.34493323172875
PRKN,4.33926810955487
TRAPPC4,4.33918475590817
SYNJ1,4.33733831977111
HLA-A,4.33102575848645
AGRN,4.32961012828806
DST,4.32925932993859
SLC19A3,4.32756687136179
HSD17B12,4.32694465470691
SLC25A12,4.31663825095926
DDB2,4.30885841828586
CTSD,4.30834860891591
GPAA1,4.30755486542197
DYNC2I1,4.30571564826414
VARS2,4.30381901365853
DDHD1,4.30376411245168
OPA1,4.3030732486874
KANSL1,4.30237004598861
GRIN2A,4.30038617078478
NDUFA9,4.29872721402455
ASAH1,4.29694415599493
PDHX,4.29644093785767
RARS1,4.29626922028052
RAB27A,4.29547250304243
BBS9,4.29448234331696
LARS1,4.29214886538375
SNX32,4.29032797383523
ENO3,4.29007385781577
"NAXD",4.28919439036371
NDUFS4,4.2880255217495
B3GLCT,4.28603172575922
OPA3,4.2847888730843
GCDH,4.28184575913203
ITPR1,4.27788903665746
SHMT1,4.27422992716221
LYRM4,4.26606721010364
SCRN2,4.26451882140845
ASS1,4.26201989130636
MSH2,4.26158802042477
CD2AP,4.26050536462379
PCM1,4.25993444511025
GABBR1,4.25828094205404
ITGAV,4.25772578055297
SGIP1,4.25739522899533
LTBP1,4.2508259765537
COL6A1,4.24888818043309
CEP83,4.24853312097913
PVR,4.24682473065428
CSMD1,4.2460098520074
REEP1,4.24530517012028
LLGL1,4.24495442231337
DNM1,4.24147261343969
C1R,4.23829540097526
TAPBPL,4.23717066605534
PRKRA,4.23714352546838
PHYHD1,4.23695694287841
MBOAT7,4.23288360570277
TNXB,4.23225562669124
CAPG,4.23084861433824
FLNB,4.2280978450632
PCCB,4.22801993378254
TIMM44,4.22748288187495
MRE11,4.22492813431229
CNTNAP2,4.22441632979426
MECR,4.22228794920034
LYRM9,4.22161859598644
NUP88,4.22007029150881
MTPAP,4.21814958722294
IFT140,4.21616385086942
AP3B2,4.2146156366118
VAPB,4.21393744496111
ALDH16A1,4.21230549457856
NINJ1,4.21189486474051
REV3L,4.21146888279844
TCTN2,4.20922910032239
GNB5,4.20770367937432
NDUFA6,4.20347556987278
CHURC1,4.20181118378963
ITGB4,4.20108517261111
LMO7,4.20081850740632
HLA-DPB1,4.20063869023319
MRPS27,4.19773415160177
DLD,4.19671634896825
PNPO,4.19509930166062
PPP6R2,4.19506693042003
NDUFAF1,4.19253984236234
ARHGEF10,4.18608203188736
COX6B1,4.18537031976713
IFT27,4.18502954955524
BTN3A2,4.18095348701968
HLA-DQB1,4.18062706784102
SIL1,4.17811981074378
ATIC,4.17351904184474
MSH6,4.17322122141165
SLC33A1,4.17287390634787
DDAH2,4.16962168655334
MRPL10,4.16945044104903
HIBCH,4.168562016671
CADPS2,4.1680394188635
NDUFA11,4.16780598885127
SERPINF2,4.16722090594805
SIRPA,4.16487637246296
SH3PXD2B,4.16482054255378
CNDP2,4.16449257365923
BBS7,4.16229281282211
COX11,4.16171559898098
LMNA,4.16137469629309
MCAT,4.16050076998775
ITIH2,4.15999085459744
HRAS,4.15950274150757
METTL16,4.15858068531004
CROCC,4.15676440076474
ICA1L,4.15629243090451
ADA2,4.155280035357
DISC1,4.15430303133775
ICA1,4.15268942127201
SCIN,4.15220591937801
LSP1,4.15110439625923
CD40,4.14966408947685
FDFT1,4.14944804728708
ARHGEF40,4.14910171959475
RADIL,4.14734023181194
SPATA13,4.14655861671359
FGD4,4.14395311359105
STX2,4.14381739672828
UBE3A,4.14355756847674
ANXA5,4.14187241629076
SMOC1,4.14052662724628
TAMM41,4.14030690365528
PDLIM4,4.13977219755883
NDUFS1,4.13898935814758
ANKMY2,4.13846565251249
PPOX,4.13577490155745
TBRG4,4.13388355561353
DNAJC6,4.13251194942378
GABRA2,4.13228052980954
ABCA1,4.13105690769139
IRAG1,4.12917943543485
GSTP1,4.12802839168537
PSMB9,4.12714693760479
SLC20A2,4.12703530075735
LILRB1,4.12649744161827
LPCAT2,4.12637112893171
KAT8,4.12593044800175
TSFM,4.12552350728171
IQCB1,4.12444433230754
C4B,4.12373093844852
MFN2,4.12325439503902
LRRC75A,4.12287168336108
ABCC8,4.12251728345944
MTCH2,4.12219950327301
ATXN1,4.1220559443089
CAMK4,4.12181767869902
ANK3,4.12180588231843
FHAD1,4.12168670028044
NECAB2,4.12120210874525
NT5C3B,4.12052826717965
KRI1,4.11945913934537
RHPN2,4.11913529460442
SLC8A3,4.11792661592086
CADM2,4.11760967698621
VCAN,4.1175005369303
INSR,4.11628357101598
DLGAP2,4.11607264493681
PDYN,4.11551534656512
MTAP,4.11464049303837
MICU1,4.11309357007049
COMT,4.11285051224807
IGLON5,4.11260404222291
GUF1,4.11202330875539
PHACTR4,4.11043136128524
KIF16B,4.10942307484018
RAC1,4.109269439566
PRKD2,4.10841594218556
KCNN3,4.10826107669736
ABCG1,4.10756991312078
AP3D1,4.10703498396875
IQGAP1,4.10648280457921
DGKQ,4.10600225853966
PTPRS,4.10597917337256
FECH,4.10593609336819
CWF19L1,4.105514166721
ALPL,4.10411444628632
C4A,4.10409547352181
ARL3,4.10173136890872
GALM,4.10117042164571
KRAS,4.09837069468936
SEMA4D,4.09727276372323
PILRA,4.09519764177348
IGF1R,4.09408580042867
EIF4E,4.09352417884536
HYI,4.09296415928648
FIBP,4.09283218802399
CLCN7,4.0919959225167
MRPL28,4.09134845837186
FOXRED1,4.09115276119222
FGF14,4.09083030863894
GABBR2,4.08997407262137
TACC2,4.08995716335947
LGI4,4.08906109807162
PSMG1,4.08886322958535
TESC,4.08849658418248
ERO1B,4.08802719463257
DPP6,4.0869086188318
NOTCH4,4.08554955850596
TNS3,4.08255279339698
CRK,4.08236804403949
PITPNM3,4.08202001320441
CBS,4.08172203654489
PMS2,4.08074078679434
RHBDF1,4.07982637936164
CRLF1,4.0797141178276
HNMT,4.07727480144797
CAT,4.07724825169461
C9orf72,4.07596620118146
PCYOX1L,4.07457246548032
ALAD,4.07081399326263
NUP54,4.06951205309334
PLIN3,4.06885128680607
RUVBL2,4.0669887811286
HPR,4.06590797469426
WDR45B,4.06536141913881
NDUFAF6,4.0639185249521
FARP2,4.06300753925502
ITPR2,4.06226725109566
PLOD2,4.06104303300707
KYAT3,4.06085847324205
SNTB1,4.05896704457008
TRIM4,4.0574803889129
ANKRD18B,4.05637660614998
PSMB5,4.05625883714642
PGM2,4.05374792696778
PCYT1A,4.05339517382579
LRP4,4.05326720749422
GSTZ1,4.05312998564183
CYBRD1,4.05142489603425
PDE1A,4.05134559786658
PRKCA,4.04892348244828
FN3KRP,4.04810902199867
ABHD12,4.04628327244132
PSMB8,4.04547811206936
IDH3B,4.04385719553018
VCPKMT,4.0395594691448
LRIG1,4.03911170481042
SPG21,4.03904295994093
ASAP1,4.03890369721934
C11orf54,4.03868951898986
L2HGDH,4.03700114196161
RNF213,4.03629502755946
NEGR1,4.03429149908613
PICALM,4.03407310742974
AZGP1,4.03368611107182
TMPRSS5,4.03366578508297
VAV2,4.03365814973819
CDH23,4.03203366381638
QPRT,4.03101259158052
BLVRA,4.02912507735282
HK1,4.02649797184095
AP2A2,4.02555494908729
TRIP6,4.02531350851142
GFM1,4.02310662328317
CAMTA1,4.02307789271698
SLC22A18,4.02244642328336
VAC14,4.02193158288081
CARHSP1,4.02077862371146
WLS,4.02076326824247
PCSK2,4.02047376332207
PGPEP1,4.01875440266063
EP300,4.01855789690578
NDUFA12,4.01824986403726
CD59,4.01753968433076
GRHPR,4.01731898878974
SLC7A2,4.01487433704616
RBM19,4.0148299975584
ARAP1,4.01452089915279
CA8,4.0142494286444
OTULIN,4.01262688643407
UQCRFS1,4.01135231039722
MYO6,4.0106333596826
PPFIA2,4.01013407406687
COX6A1,4.00879242660416
ALDH7A1,4.0083080292633
COA7,4.00827523852348
ETFA,4.00827013081662
PEX6,4.00680802779031
C1S,4.00653435286691
SYNM,4.0045270094285
IDNK,4.00398825805009
DNAJC21,4.00328860324999
SLC12A9,4.00177211124147
SPATA20,4.00103142559107
FRMD4A,3.99938034870134
GALT,3.99883063634219
FBLN1,3.99821076884718
ERC2,3.99764978737787
VPS53,3.99704915765164
RPS26,3.9957976339512
BIN1,3.99526969215814
IFI16,3.9944424421505
EPS8L2,3.99438461249699
COA6,3.99432120314989
BMPR1A,3.99430956584477
APC2,3.99297431522523
EIF2B5,3.99270619673903
SYNGAP1,3.99266729205382
NIT2,3.9923231192988
C12orf73,3.99191735967913
PIK3C3,3.99182651384542
TOMM40,3.99166925264637
FAM167A,3.99066285424685
FMN2,3.98984572882375
RCCD1,3.98983329738562
SLC25A4,3.98948434973311
SUCLA2,3.98942703341032
NT5DC3,3.98940181418107
RAB3GAP1,3.98900616202785
COG1,3.98817716375738
GABRB3,3.98815826882228
HSD17B4,3.98717389123996
SMPD3,3.98710941819752
PNPLA2,3.98705378508988
NF1,3.98656819882461
KCNMA1,3.98520447037813
EARS2,3.98364573683345
ERCC4,3.98348449534036
FASTKD2,3.98260333236101
POMGNT2,3.98234726408579
HLA-DQA1,3.98037141133051
ALDH3A2,3.98014384125721
OTUD7A,3.97897506075832
RSPO2,3.97889846435327
FOCAD,3.97866280473304
FAM221A,3.97833237125936
ARFGAP3,3.97743064405059
SYNE1,3.97714707348045
MORC2,3.97707262514871
L3HYPDH,3.97614435779536
GTPBP10,3.97564383066254
GNA12,3.97547223442466
DLAT,3.97545147372528
SNX19,3.97515910467044
MAP1B,3.97496601829372
DTNBP1,3.97472565589815
RBFOX1,3.97409508536112
GABRB2,3.97205564818211
EZR,3.97166647748481
TMC6,3.97145620614474
PISD,3.97092718470014
MTHFD1,3.96984725703934
CMC2,3.96961300653804
CALCOCO2,3.96937736343085
FANCA,3.96910285612687
AFG1L,3.96864635944688
DTNA,3.96717950519793
SLC13A3,3.96680054953773
TRIM25,3.96664467334336
POLE,3.96491869826059
EHMT2,3.96416502627324
STARD10,3.9627306170614
RDH10,3.96179599328699
RAB29,3.96174119771536
BBS2,3.96115046475393
IMPA1,3.96061452591579
CANX,3.95990378635539
CHPT1,3.95989537161561
USP8,3.95910151136237
VPS13D,3.95659000631041
ARFGEF2,3.95642530978214
ABLIM1,3.95588378923019
ARVCF,3.95581664801658
NCOR2,3.95540011084359
AUH,3.9548574725761
GLCCI1,3.95416316840474
GCC2,3.95413415289163
ACTN2,3.95351220068294
MTHFR,3.9532304612318
NDUFS7,3.95260759244067
RNH1,3.95234463433611
STAU2,3.95220308498224
STARD7,3.95215692867117
SBF2,3.95162914516769
EPB41L3,3.95050441052917
PPIL2,3.94992035704571
KIAA0930,3.9494075497293
CYBA,3.94819084273467
PLEKHA6,3.94814355729225
MRPL37,3.94810781771646
GLOD4,3.9480375063891
CYFIP2,3.94739851016856
NDUFAF5,3.94734605923513
MT1E,3.9473456763529
PRRT2,3.94717505154386
CDIP1,3.94653181296003
TANC2,3.94644935818739
EIF2A,3.94603775359594
NUP160,3.94599368060746
KIAA0513,3.94551223626657
GPX1,3.94531988123951
SUCLG2,3.94530593863428
MFF,3.9451141407155
TMEM70,3.9448760969483
PPFIBP2,3.94471381081914
EFEMP2,3.94422678671659
MRTO4,3.94357644967406
NDUFB9,3.94342948202848
MRPL19,3.94329590549802
MYO16,3.94319235697931
EEF2K,3.94200236110487
PGGT1B,3.94177178729743
NEDD4,3.94162627178483
LACTB2,3.94095266888935
SP3,3.93954155558608
PITPNA,3.93953263775189
MARK3,3.93904611202102
ASTN1,3.9381611197192
NXN,3.93814243321878
TBC1D9B,3.93784068062992
LPP,3.93758340897709
FAT1,3.93740366950031
GSDMD,3.93693917946186
CYRIA,3.93693585757866
PCP4L1,3.93647089480768
CHL1,3.93629576885068
GPNMB,3.93623867231986
CAPS,3.93617730299296
AGPAT1,3.9357578786712
SLC25A32,3.93505796602713
TNS2,3.93499007251918
APRT,3.93490575259452
EFL1,3.93342200424991
ALDH1L2,3.93296259311105
SNCA,3.93242958102889
MYH14,3.93238964523509
FAM107B,3.93217700276097
SGTB,3.93201515547198
FCGR2A,3.93114188328937
SIDT1,3.93111935581072
EPB41L2,3.93043838962545
TMEM135,3.93014046166685
SAT2,3.92978967689164
ITGA7,3.92956777152412
GPC5,3.92924957730385
SLIT2,3.92921670986318
PDE4D,3.92898099287523
TLN2,3.92860187799541
MRPL54,3.92802633761869
PYGB,3.92751129669328
ANKRD18A,3.92728298850332
TBCA,3.92591994383973
TMEM231,3.92548125479878
IL17RA,3.92490151090876
CP,3.92484234502151
PGM2L1,3.92417617364474
CERS1,3.92381671166958
LGMN,3.92328512682685
AARS2,3.92319153647907
SDHA,3.92318383284202
ADAM10,3.92297261528402
WBP2,3.92239545457554
GABRA1,3.92176334115839
"NAPG",3.92172978296562
LAMA2,3.92056661794088
RTF2,3.91964126283227
FAM184A,3.91960703208343
RPS6KA2,3.91890561968858
ANO5,3.91873454365381
TMEM163,3.91725725971268
LINGO1,3.91719464983698
DOCK4,3.91628444717966
GNAL,3.91517564613031
DNAH2,3.91514430292178
NUB1,3.91491550917719
KCNB1,3.91381477921909
VPS41,3.91374573518945
CDH18,3.91370980592208
TPP1,3.91326717691232
CPLX1,3.9131914967951
BLOC1S3,3.91287476051322
DOCK1,3.91270951444483
RPTOR,3.91232723990515
TRIM47,3.91212816630579
NPC2,3.91162847066324
PACSIN1,3.91105809804357
CACNG2,3.91057410100593
MAP2,3.90989689292868
DGKB,3.90978539678149
WDR11,3.90821971798855
MPDZ,3.90818715264339
DNMBP,3.9074961208594
GNAQ,3.9070328331127
CPM,3.9065498561023
EPHX1,3.90647356549151
EMILIN2,3.90644701929582
SWAP70,3.90542427414046
GDPD1,3.90535391588848
CTSS,3.90400482442208
LTF,3.90365754233275
PBLD,3.9018188482625
CLIC1,3.9015536008649
TENM2,3.90140976295144
GPAM,3.90118018118592
TRIM22,3.90093434846478
TRIM2,3.9008738933788
ATE1,3.90067310103742
SVIL,3.89947762914314
ECE1,3.89921588872046
TIMM10,3.89915595657643
ITSN2,3.89852932953371
CHRM3,3.89849789310625
CFH,3.89813993701398
WDR12,3.89782626749699
OAT,3.89779864654911
BAIAP2,3.89726348771303
SHISA4,3.89636999697121
SNX14,3.89560712563267
TRPM3,3.89547164760011
PSMC3,3.89232301500044
ROGDI,3.89073426535232
KIF1B,3.89051349196446
SRR,3.89019485912422
QSOX1,3.88915816771337
TRIM26,3.88828040229047
ATP6V1H,3.88807723314102
ADAMTS2,3.88779090122365
NCAM1,3.88700854869184
MCM6,3.88672536919896
PLSCR4,3.88622154647288
LONP1,3.88608287297465
PLPP6,3.88521812681102
NFATC1,3.88498157943601
PEX16,3.88481380282369
MPI,3.88450440468538
KIF13A,3.8842105189102
TMEM63B,3.8839870320188
ACP6,3.88386733847256
COQ8A,3.88314356043702
SORD,3.88255380754441
MRPS10,3.88219244005551
HLA-DMA,3.88176493205195
MAPK3,3.88171213740462
CLN8,3.87984828490569
C1QBP,3.87941006359511
SLCO3A1,3.87815623274695
BTN3A1,3.87806221432917
NFASC,3.87803613358379
PDLIM5,3.87608139159911
DLG4,3.8759298866312
LRIG2,3.87571164828485
PPP1R18,3.87558641415017
WAC,3.87548891060272
GOLGA4,3.87459912658447
DXO,3.87432303272381
TCP11L1,3.87296951468622
CHADL,3.87263900805163
SCARB2,3.8724467030689
KIF1C,3.87224091884664
MYH10,3.87194346265112
CC2D1B,3.8712340854811
HSPA1B,3.87121777745596
ATCAY,3.87087480407908
EXOC4,3.87055835142893
CREG2,3.87050432703373
ATP6V1G2,3.87048599679417
RAC2,3.87015558933965
PAXX,3.86976434140956
GPR155,3.86976350551657
SV2B,3.86974614618552
SH3RF1,3.86943595670585
FAHD1,3.86769580010348
DAP,3.86718784039961
ESD,3.86705779188617
IKBIP,3.86649382948683
CYB5A,3.86550868244886
FLNC,3.86543212352638
SLC39A12,3.86494217538864
NDUFAF4,3.86474758371596
KAT6A,3.8631367552544
"NAGK",3.86306558446467
DMXL1,3.86224316246537
RRM1,3.86184162426966
KIAA1549,3.86175747858253
NDUFS5,3.86038129820603
ADAM17,3.85944593996853
LNPK,3.85932366767029
NRF1,3.85907937129636
CSNK2A1,3.85906341263305
WDR6,3.85850623692105
ATP6V1E1,3.85826968570983
PPP1R14C,3.8577902398312802
MAP3K20,3.8577803425649
RIC8A,3.85736478305261
CRADD,3.8562811127806
DBT,3.85612182257407
ADGRB3,3.85594317697703
MTUS1,3.85525782338799
SLC4A8,3.85521506373545
AGTRAP,3.85512416576608
PSMD9,3.85510973228519
FIG4,3.85446557702716
TMEM126B,3.85320527659843
IQCG,3.85210303179321
ARF4,3.85206840868989
NTM,3.85181599785581
CYSTM1,3.85144755553908
SELENOI,3.8511882775291
BBOX1,3.85091892982031
ZNF704,3.85056439139676
CR1,3.84995539030839
VWA7,3.84956573946713
SGPL1,3.84852445923247
SKAP2,3.8481087949529
CAMKK2,3.84794200971003
XYLT1,3.84722629819735
PLXNB2,3.84680372801785
DMTN,3.84678617480868
HLA-DMB,3.84569307224079
COQ3,3.84555174358053
CLIP1,3.84537667197684
FRA10AC1,3.84530424386918
SMARCB1,3.84481130030107
BCAT1,3.84448566433811
TRIM32,3.84417653807363
ME3,3.84395782961388
DPYSL4,3.84381904111063
MAP1LC3A,3.84332953415407
REEP3,3.84214829460843
TSPAN14,3.84207588330396
AADAT,3.84184403715765
CLIP2,3.84141209054291
AIF1L,3.8411450128755
TUSC3,3.83998209827368
PDZD2,3.83991285388279
RGL2,3.83955795778511
ADARB2,3.83926064814043
HADHB,3.83922205759136
"NAGLU",3.83890100667577
WIPF1,3.8386835877192
ATP2B2,3.83854581629911
HTRA1,3.83827920571102
RPGRIP1L,3.83793083876602
STAT4,3.83759048830422
LYRM2,3.83754881956744
CPS1,3.8375156291706
ZADH2,3.8375000270141
HDLBP,3.83732636328934
SLC25A16,3.83688368734125
SPATA5,3.83652665384717
CBL,3.83644519478832
GOPC,3.83586320679226
SYK,3.83550200450093
TSPO,3.83547847715217
NFIC,3.83498937302196
CCDC127,3.83488051841261
GSTO1,3.83435058527102
GRN,3.83421150916096
PHIP,3.83394003454583
CSNK1E,3.83372249530356
CSTB,3.83358939749567
KCNJ10,3.83355974467106
NRXN1,3.83318078604389
NRXN1,3.83318078604389
MZT2A,3.83296730499611
STK10,3.83293480678623
SPON2,3.8325341258766
HDAC9,3.83202344984543
CAPZB,3.83177457317424
AKR1C2,3.83089866542866
YTHDC2,3.83074712582494
TTC38,3.83070860740037
TGFBR3,3.82996371284874
CDC42,3.82995021930888
FKTN,3.82955573149741
ASIC2,3.82914234558175
TFG,3.82854529668029
DDR1,3.82822225343592
DNAJC30,3.82740998519396
PRKAR1B,3.82729212648566
GLTP,3.8260183738265
NBEAL1,3.82569921264317
CDHR3,3.82561208909006
NWD2,3.82559767396915
SPATA7,3.82524242124694
RNF114,3.8235911505972
GCSH,3.82273372700518
SCARB1,3.82224644865768
SLC25A27,3.82220458986431
PARVA,3.82211068159619
NLRP1,3.82202112575778
CTSH,3.8219878842248
LCLAT1,3.82082935179675
C10orf105,3.82047130454174
NDE1,3.81961148956516
NPEPPS,3.81914740889256
PNPT1,3.81910942427949
CCDC91,3.81909355749796
VASN,3.81873149965628
PLXNA4,3.81869991863278
PPP2R5C,3.81845817250379
THEM4,3.81796476679553
RYBP,3.81763708755402
FREM1,3.81759403465842
SERPING1,3.81755891073798
FAM114A1,3.81728625650507
NCALD,3.81715926584854
AFDN,3.81688353368062
EFEMP1,3.81594453818261
CLU,3.81530397301723
NNT,3.81465641578032
RAPGEF5,3.81453222942319
KIF7,3.81446485727806
HTT,3.81423618697971
MRPS22,3.81406916955929
TMEM132B,3.81385678652744
FEZ2,3.81350869987526
NCLN,3.81342071715772
DDX11,3.81321291001057
MTSS1,3.81287519181663
PLOD1,3.81161992484376
COL27A1,3.81143753539932
TRIOBP,3.81103314471985
TIMM13,3.81074044276296
CFAP36,3.81015086873903
ABHD11,3.80977462130176
SCARF1,3.8094925636582
EML6,3.80880820594136
CAMK1G,3.80813898654308
NDUFV1,3.80656695149626
LAMA1,3.80604290554384
MTMR3,3.80598036185636
SDHB,3.80539679255665
DPYD,3.80533824410456
RUFY1,3.80235875643195
HARS1,3.80127306527979
H1-0,3.80071784120653
MXRA7,3.80053511435956
MYO9B,3.80034152845972
AKR1C1,3.80025296446081
FAH,3.79995100545183
TRAPPC12,3.79941116730085
RMND1,3.7993806296895
SELENBP1,3.79876521445109
DYNC1I1,3.79809854423988
RNF216,3.79752490529708
CMBL,3.7974086381044
KHNYN,3.79642974819164
KLC1,3.7962553872974
SMIM12,3.79624392810078
GJA1,3.79623500355346
RINT1,3.79538628842344
BOLA3,3.79534688159557
PNP,3.79477893179688
MTOR,3.79428706741045
TNFAIP2,3.7941325608025
PRPH2,3.79310820214854
SPAST,3.79295358388811
CDK5RAP2,3.79289617194654
TOMM70,3.79189438796201
SBSPON,3.79164539670841
SH3BP2,3.79163100044099
PPFIA1,3.79078713424702
AKAP12,3.7906409338015
ZNF592,3.79032989547277
ACSM5,3.78992027017187
SMARCD2,3.78922332930801
VMAC,3.78885766018407
UNC13A,3.78860538021483
BAK1,3.78817322714801
CCNT2,3.78809955920973
SRSF10,3.78803801995214
NDUFA2,3.78772045445022
EPHA5,3.78764421005374
UROS,3.78710617861326
CBR1,3.78692765020243
ENTPD1,3.78667163189941
AMT,3.78638957118163
ASNS,3.78635437525568
RGR,3.78616160348236
SGSM2,3.78613810272532
NUMB,3.78577341407582
PLCB4,3.78569437319646
ATP1A2,3.78548252937383
PAK1,3.78518379391676
ATL3,3.7837913281604
PTK2B,3.78307791728527
PACSIN3,3.78295652653065
TBXAS1,3.78270736375643
ARMC10,3.78265888405039
ASCC2,3.78258543672418
MRPS7,3.78254312665746
RASGRF1,3.78235427558678
PHACTR1,3.78193085488089
FER,3.78192917901824
SCAMP2,3.78172894134212
RNF14,3.78149667473203
FAM47E,3.78144357680457
SLC1A1,3.78105765044492
SLC22A23,3.78092073355455
ATP6V1B2,3.77983089215645
LTBP3,3.77957136543972
TRIO,3.77850234287835
CLSTN2,3.77834218453988
MEGF10,3.7777968041978
TRIM9,3.77769547114342
EFHD1,3.77762712627281
MTMR6,3.77755781524798
MYSM1,3.77737676902941
PSPH,3.77728736615385
KANK1,3.77724567819062
SPARC,3.7769831415243
POGLUT3,3.77677773998488
TBC1D20,3.77645280955303
WDR41,3.77640305081664
TPD52L1,3.77632572102386
SLC25A22,3.77607918728744
PIP5K1C,3.77606150448802
SNCG,3.77565118627048
SSBP2,3.77539956339276
RAB3B,3.77484325025738
LPIN2,3.7745132418306
SULT4A1,3.77448280616563
SPECC1L,3.77399495603404
MGLL,3.77376553498821
RASSF8,3.77351312039558
ZC3HAV1,3.77333000763447
ANK1,3.77319719905869
CLCC1,3.77317046389484
KCNQ2,3.77274241776189
TCF19,3.77188086581847
SCAI,3.77062477989036
TMEM63A,3.76987109307357
NBAS,3.76974464730221
SAMM50,3.7688737070473
DAAM2,3.76756270637812
TOGARAM2,3.76725278392983
LIPA,3.76660765112609
NDUFS3,3.76579807109955
PLXNC1,3.765755426241
OLFM2,3.76574449191441
CD109,3.76542082604875
DIAPH1,3.76508329687564
DKK3,3.76490366649922
UQCR10,3.76357992403877
ARMC1,3.7634635552922
MRPL50,3.76316270845666
PLAUR,3.76250930287783
FTSJ3,3.76224952193093
CIRBP,3.76208053428051
PLEKHA7,3.7620675046263
RTN4,3.76149726236983
NT5C3A,3.76118365317838
CLOCK,3.76087930648361
COX4I1,3.7606854933957
PILRB,3.76021941447518
EXOC3,3.76014376077853
CNPY4,3.76011603238566
SLC25A46,3.75995639797691
ADGRA3,3.75956864696534
TP53I3,3.75949512547345
H6PD,3.75937875746255
HACE1,3.75906971877575
ACTR1B,3.75888630421829
ABI2,3.75808554483498
NEB,3.75747280795219
PDPR,3.75741570369752
ANKS1B,3.75723114284964
TECPR1,3.757113802957
HLA-DPA1,3.75711028330384
SCRIB,3.75705168518333
TRAPPC6B,3.75669113671143
CORO6,3.75616744081108
TRPV2,3.7559703466157
ZMAT2,3.75537341476177
GAS7,3.75467343755613
MDH2,3.75464964005412
B4GAT1,3.75464445279737
IFIT5,3.75437419635015
MERTK,3.75430519972848
PADI2,3.75397838423665
SDC4,3.7538173240548
PHGDH,3.7534573668595
RIMBP2,3.75331536400958
BCKDK,3.75295720562635
PPA2,3.75279947297128
STK32C,3.75263133766307
WDR81,3.751702648056
PPP1R7,3.7513159712345
DSC2,3.75128282169829
COTL1,3.75069714037062
ITGA2,3.75021793630425
SIPA1L1,3.75018559009476
THNSL1,3.74961074402673
N4BP3,3.7491677906364
MLIP,3.74898163427841
PUF60,3.74863516927969
UBA6,3.74856290440539
ORC4,3.74820502428161
PEAK1,3.74819921348879
GNAO1,3.74813480509478
CRELD1,3.74798733016489
CLPTM1,3.74794903255088
ABCC4,3.74790359831936
PARVG,3.74714338294551
TPBGL,3.7470258732036
HEXD,3.74699441804201
PRICKLE1,3.746983480025
TESPA1,3.74670203388538
SLC7A8,3.74659845027088
ETFDH,3.74640018363506
THSD7A,3.74637115566143
NDUFAF7,3.74430043793353
ATP11A,3.74427580765927
NCF4,3.74400262152322
PDCD4,3.74393261411589
SIRT5,3.74391406845385
SCARA3,3.74350391507138
PTPRT,3.74346928003594
PTPN6,3.74311433515216
PRKD3,3.74252687509811
IDH2,3.74232494235609
PRSS23,3.74227923707361
PLTP,3.74224791061462
NCOA1,3.74210499496636
COL11A1,3.7414252707792
AVL9,3.74124925661402
STX16,3.74122820563155
GPRC5B,3.74095563318306
CCDC6,3.74081656444268
SLC25A15,3.74064201431854
GLDC,3.74028805277908
NOB1,3.74027067724614
KIF17,3.73977762192565
CADPS,3.7396227795442
PFN1,3.73924127951609
ADK,3.73906307403118
FARSB,3.73886221008034
MICA,3.73881806972793
RAPGEF4,3.73867379621405
ERAP2,3.73809767015026
GFAP,3.73782767211755
SOX9,3.73766997323416
NUP50,3.7375426528049
WNK1,3.73754046572097
AP2B1,3.73743110187626
RNPEP,3.73681110269649
UBXN6,3.73665160665797
IARS1,3.73656986745656
NBEAL2,3.73654153114518
C18orf32,3.73614384678331
MTFMT,3.73605652131495
TRIM8,3.73590073590024
SNX1,3.73490806063579
UGP2,3.73479819533288
FAM171A1,3.73445481464086
RNASEH2C,3.73399043967635
TMEM245,3.73399001212282
C8orf37,3.73392405228382
CYP2U1,3.73367097049876
VARS1,3.73363463938025
TSPAN11,3.73323629213269
USP53,3.73317445972169
MICALL2,3.73223312395555
JAM3,3.73183827567619
PIK3CB,3.73141106600257
NUBP2,3.73106003560472
SUMF2,3.73073361118723
TTC39C,3.73066067191059
MT1M,3.73058529785047
KIF13B,3.73049319892518
ATP1A3,3.73049020237626
ABCA5,3.73047888784495
MAGI2,3.73015908651584
IMMT,3.72980913079459
JAKMIP1,3.72934907615244
THADA,3.72911338347869
YWHAB,3.72852914995556
HMGCLL1,3.72842510071834
RBPJ,3.72807304351852
TUBB2A,3.72792131980684
COQ9,3.72672733957262
SMG6,3.72664729949684
MKRN2,3.7256091512969
RPAIN,3.7249072395955
YEATS4,3.72482069776775
PGAM5,3.72458445335763
ACSL1,3.72438394934252
ITGA6,3.72414757366703
PI16,3.72407097586962
UTRN,3.72405044209647
GDI2,3.72404071033493
STEAP3,3.7239642244228
VANGL2,3.7238570629483
CRMP1,3.72314913925966
UBTF,3.72308103369081
PTGR1,3.72285503779038
PXN,3.72275888253672
PDHB,3.72270025760295
GARS1,3.72205058023916
ACHE,3.72203285281488
AP1S1,3.72184314718243
HID1,3.72169995438164
OTUD3,3.72150694592431
BCR,3.72091016543498
OSGEP,3.72063417584983
NDUFV3,3.7205914874453
ATP5PO,3.72042561190398
C17orf100,3.72011544034464
NSUN2,3.71983430592243
FAM160A2,3.71951983431332
TRAPPC2L,3.71927152122878
ABCC5,3.7188451453151
FASTKD5,3.71875766433268
PEBP1,3.71872204041403
PCDH1,3.71808546190201
NDUFB7,3.71783391427213
ICAM1,3.71758861698499
ERLIN1,3.71730392452303
TP53BP2,3.71719951873991
ANKRD45,3.71526180669552
DLG1,3.71520226314326
INPP5D,3.71494610130594
RGMA,3.71473202046504
ABCB10,3.71468496436481
NME7,3.71441172639355
SEC14L1,3.71362537781064
ROBO1,3.7133275329963
OSBPL6,3.71328702525753
LARP4B,3.71302995803768
C15orf40,3.71263591158898
CXCL16,3.71218987806697
VAV3,3.71186565891255
TTYH2,3.71056857091828
PPP1CB,3.71035433347712
PTGR2,3.70979978181298
TLCD2,3.70963007753188
GABRG2,3.7094585236925
CRTAP,3.7091414705039
MRPL14,3.70904067533737
LIMK2,3.70895941217747
MRPL43,3.70887390095539
TUBA1A,3.70817820874958
DOC2A,3.70816058989708
SIPA1L2,3.70792134303568
GLO1,3.7076885935041
CRACDL,3.70760637852839
PPT1,3.70718086247032
DENND4C,3.70691063461741
ASL,3.70678269447307
EIF2B3,3.70659483941673
FDPS,3.7064485361907
CD151,3.70601252038919
ITGB2,3.70569474853681
GRIN2D,3.70505085152877
GRID2,3.70504294939765
GCC1,3.70499631462062
SLC1A2,3.70480194240851
TMEM177,3.70436379915687
KANK2,3.70424912385009
TRAPPC9,3.70290589239735
COL24A1,3.70278006428015
ZXDC,3.70079755185656
ATP6V1C1,3.70061006954255
CAP2,3.70058944006938
STAT3,3.70058240862225
KSR1,3.7003689274881
COL6A2,3.70021804612624
HLA-F,3.69963970523768
HLA-F,3.69963970523768
HLA-F,3.69963970523768
HLA-F,3.69963970523768
AK1,3.69910394481378
UBR2,3.69869869291253
PLEK,3.69851285351916
DCHS2,3.69851238085658
TFRC,3.69729834384442
TOM1L2,3.69701429388267
NF2,3.69684678229488
ELAPOR1,3.69676295122796
MAPK8,3.69602945708055
DDR2,3.69516749920685
MLC1,3.69512632319624
NRXN3,3.69506318129241
CAMLG,3.69494661170408
AQP1,3.69475125286019
BDH1,3.69457602904424
LAMB1,3.69411107768077
YJU2,3.69372726058055
EPB41,3.69335182772362
SLC7A11,3.69248900232077
VCL,3.69233945250744
SLC25A3,3.69231040009705
DPP10,3.6921768309313
SLC27A4,3.69207683784351
TBC1D1,3.69193081160852
NUDT14,3.691836700048
DBI,3.69154125668908
MTCL1,3.69088924899855
KIF6,3.69063018734335
C2CD4C,3.6904143855646
WDR7,3.69039947140373
RCSD1,3.69003917588943
MRPL39,3.68987477211393
HNRNPH1,3.68943066126118
RPL13,3.68873470618853
PI4KA,3.68852898013361
CHAF1A,3.68807389022106
AK5,3.68802596476155
RABEP2,3.68793149068804
NDRG1,3.68773600961277
AEBP1,3.68747275818136
ABCA2,3.6873918920688
ANKFY1,3.68730239411056
JUP,3.68728397781875
FGGY,3.68723173919133
MRPL58,3.68717109984831
SFRP1,3.6868631712767
SERAC1,3.68668719115503
MACROD2,3.68462055695966
CPNE7,3.68395806110838
NTN1,3.6837336918035
DNALI1,3.68338966196996
GAR1,3.6832650816642998
RAB27B,3.68307945976248
PACS2,3.68304778815696
NMRK1,3.68250957727283
DMAC2L,3.68237813813002
GAD1,3.68180927509609
HOGA1,3.68085664756324
GPR37,3.6808529022676
PRKAR1A,3.68021828656671
UAP1L1,3.67968175639913
FERMT3,3.67952870583637
PLXNA2,3.67918153604714
COA1,3.67915453420152
C2CD2,3.67879675780725
SMAP1,3.67849915873934
PRPF4,3.67838964663565
SAMD9L,3.67827484963713
ANKRD24,3.67800641615235
NDUFB5,3.6779865738348
HMBOX1,3.67796154299557
DEK,3.67789129346929
CD276,3.67768505509651
RERE,3.67765642369679
LRRC7,3.67763709149686
ALOX5AP,3.67761811220894
ELOVL5,3.67707558387672
SFXN4,3.67697338147584
GGCX,3.67654964267843
DENND6B,3.67626396521587
AKT2,3.67605559030876
ROBO2,3.6758864287708
PHF1,3.67509620935428
STK4,3.67485735763828
RPS9,3.67480326189501
TRPV3,3.6747672918124
NPC1,3.67468853422723
AMIGO1,3.67436668466799
ZC3H7A,3.67350702451706
C12orf43,3.67334951563593
PNMA8A,3.67332099550014
PLAA,3.6731286601955
CPNE4,3.6726413999812
OSBPL10,3.67254835647919
MTO1,3.67252376393123
LAMA4,3.67242798784596
ARL17B,3.6720556977141
PGM1,3.67116614582426
FN1,3.67090027096363
"NANS",3.66948359106456
DNAJB11,3.66882130682792
PCID2,3.66846456089695
STEAP2,3.66819705646136
NEU3,3.66818205773387
GYPC,3.66789268413591
ALOX5,3.66786215431818
LIAS,3.66779691633253
PRKCE,3.66768858675799
SLC7A5,3.66689840158493
ADGRG1,3.66681087173756
AAK1,3.66677870797604
TRIM37,3.66648951267974
PROB1,3.66641800897623
BRD3,3.66626779207771
CACNA2D3,3.6662488741291
SNX27,3.66572434791347
TEAD1,3.6648588703099
BRINP1,3.66480465585399
EGLN1,3.66452738014577
ADRA1D,3.66432804756157
CIB1,3.66398304294289
SUN2,3.66383163075216
SLC13A5,3.66366543072196
SPR,3.66345431920392
WARS2,3.66315855916705
MTMR7,3.66310195536544
OSBPL3,3.66260159189917
RAPGEF3,3.66185890544404
SDHAF4,3.66156743491746
CC2D2A,3.66154913897616
"NALCN",3.66097740476449
OSBP2,3.65973321508831
CAB39L,3.65943006138008
ZBTB20,3.6592863477546
CARS2,3.65900398975968
IRGQ,3.65846480972237
ASNSD1,3.65772966073746
FCGRT,3.65755130922643
ADCY10P1,3.65717882848098
NECTIN1,3.6568543396031
ADAMTS1,3.65639997823515
HSD17B1,3.65634012744153
PSMD13,3.65618644146947
EMC1,3.65593249478686
MRPS9,3.65555441443152
OSTM1,3.65524362567435
RPL8,3.65467262562142
ZNF611,3.65428798306627
SRRT,3.65392810544901
ARHGAP45,3.65358860160431
ERCC1,3.65329247743857
TYK2,3.65326210614067
RUNDC3B,3.65317457759467
SEPTIN2,3.6528582826435
GNG4,3.65135571199149
LIFR,3.65122989984286
MPST,3.65059047558131
MTX3,3.65052357244918
CDH8,3.6498389473026
SLC39A14,3.64936024712109
GALNT17,3.6491818690769
PDP1,3.64912427942784
NDUFA3,3.64878075216621
HECW1,3.64824019645747
PLCE1,3.64809001763465
PNPLA6,3.64775109968543
GSTM2,3.64731470631871
MRPS18B,3.64721810779598
TIMM10B,3.64675699204255
RAB18,3.64661555841722
WDR17,3.64659042742598
TATDN3,3.64609822509424
BCAP29,3.64597580547594
WDR92,3.64562444862852
EVI5,3.645501211414
NBPF3,3.64516450289694
PARP10,3.6448121429992
OVGP1,3.64462439420336
TRMT10C,3.64438121523528
NUDT5,3.64362469947253
NCKIPSD,3.64342604561908
ACAN,3.64309726922322
CSNK1G3,3.64254948008904
NFU1,3.64228871170476
LBR,3.64199326469101
IFITM2,3.64179276480905
YES1,3.64155806606184
GDAP1,3.64139176932151
PRAM1,3.64105171136903
UFC1,3.64100308645148
ZNF682,3.64091987427428
HP1BP3,3.64069289696843
MFGE8,3.63964589476643
NELL1,3.63958089891835
EIF2B1,3.63947363875096
ERBIN,3.63934798047756
ARV1,3.63903282179909
ANKRD26,3.63901572558935
MKKS,3.63877823598693
NTN4,3.63869285073425
RGS3,3.63868973996656
DNPH1,3.63843184703551
AATK,3.63817657561182
TSTD1,3.63803534423232
CCDC25,3.63799216725474
B9D1,3.63654861767766
WFS1,3.63641402757215
ALDH1L1,3.63637531601816
DPY19L2,3.63589075858784
NDUFA4,3.63561848144298
DNAL1,3.63551185235211
RIN3,3.63533299422002
VAV1,3.63498804417475
CDK14,3.63462287660822
SEC14L2,3.63453739161552
TSPYL1,3.63413574487921
NUP205,3.63375142141212
MYOF,3.63368355612811
CORO7,3.63354977086239
PMM2,3.63319754378942
CCNB1IP1,3.63318842052821
ARHGAP44,3.63308060231737
BACE2,3.63296801984769
GSN,3.63283339503838
FEZ1,3.63254469446081
CACNA2D1,3.63252135263504
NDUFB10,3.63207469009567
KLHL5,3.63199216145147
PTPN5,3.6313970143364
ATM,3.63066860196667
IDH3A,3.63057386961629
CXADR,3.63044946259962
ANLN,3.63004494575346
QDPR,3.62993519008496
PAK4,3.62988738214668
PPIL3,3.62972646674624
PDE10A,3.62918345293511
EXOC1,3.62896708459626
ECHS1,3.62834667666363
CHCHD2,3.62815199837114
DDX58,3.62809662144231
HSPB8,3.62804951435919
SIPA1,3.62785524304166
RIN2,3.6276497096098
CORO2A,3.6275823468388
SCFD1,3.62744332281624
CARD8,3.62712741681179
CHML,3.62667957353762
WDFY2,3.62664317992454
OSBPL11,3.62651531033847
VWA5B2,3.62587491989841
BPTF,3.62574000981117
PLIN4,3.62558095923613
CSMD2,3.62550381505161
ACSF2,3.62516703062278
ITPKB,3.62515589992567
WDR36,3.62498222967456
UNC5B,3.62460218696179
MAN2A2,3.62426442971244
GALNT16,3.62412477247541
SHANK2,3.62399540778616
DARS1,3.62376768109038
SLC8A1,3.62330963361845
TARS1,3.62320318050106
COL12A1,3.62299120671111
CTNNA2,3.62200300926466
CNKSR3,3.62182208274067
ATP5PD,3.62155989949126
KDSR,3.62092645835791
TLR4,3.62076336623558
BAG3,3.61972717545603
LDLRAP1,3.619438377999
IKBKB,3.6189059871642
GNL1,3.6185314992203
ACOT7,3.61842387816011
TLE4,3.61836218279882
ADPRH,3.61813694587886
ACAD9,3.61802220385445
PLD1,3.61796492095736
CYP2J2,3.61708780065151
FYN,3.61706581386359
GLI2,3.61704463773014
SLC6A9,3.6169875460887
AVEN,3.61634386386408
SNUPN,3.61618139683056
AMPD2,3.61577237395616
APPL2,3.61570288408312
MDGA2,3.61563219199477
ARHGAP26,3.61553970091283
LIG4,3.61546280604938
STK33,3.61497625787454
CDC42BPA,3.61489788676699
SYNE3,3.61403212535995
BASP1,3.61398003783031
RASA3,3.61375128298601
LCP1,3.61346967929272
PARD3B,3.61296355838906
NUDT2,3.6129394011211
PMPCA,3.61292319457136
ZNF184,3.61249744873928
PPP4R1,3.61235970409561
ARL15,3.61204456723739
HIP1R,3.61169970765852
PDLIM3,3.61127235747317
BDH2,3.61114429926894
AHNAK,3.6109546537052
HIKESHI,3.61080221657902
SMTN,3.61048828724928
BZW2,3.61041851773702
GBP3,3.61026955463256
C3,3.61004019910516
DLG2,3.60977105340272
TMEM38A,3.60952710067387
SREBF2,3.60917390044375
ABR,3.60910039103093
HIGD1A,3.60903041974373
ATG4C,3.60890062644717
LANCL2,3.60863250054564
GGH,3.60853652100244
LPL,3.60848443049762
CASQ1,3.60781941130109
DSTYK,3.60766118584599
EPS15L1,3.60730823660752
FTL,3.60689924685296
EXOSC5,3.60679196230711
NWD1,3.60670185366112
NSL1,3.60606460838035
MGST3,3.60538645169391
IQSEC3,3.60537946188363
DNMT1,3.60520681633278
B3GAT1-DT,3.60482463524639
DIP2A,3.60438806246887
UBE2G2,3.60430906839492
LRRK1,3.60430761797285
ASPA,3.60349730893521
CHCHD6,3.60348402953428
VGF,3.60336103592139
SLK,3.6026346058865
SESN1,3.60234944196735
TTYH1,3.60222550651772
ACTN1,3.60200681809422
RCHY1,3.60178553464534
GTF2H5,3.6013061930061
CTSF,3.60106632863002
UBC,3.60051877411053
COX10,3.60043297340859
ATP5F1A,3.60035216218595
CPNE3,3.60034583639278
NUP107,3.60020728016083
SAMHD1,3.60001459964245
TUFM,3.59994814648927
NECTIN3,3.59932667436355
EXOC6,3.59910733887402
LINGO2,3.59890494898657
CBR3,3.59867550304837
MYCBP2,3.59854976706098
CCDC88B,3.59793911551649
AGK,3.59742006741745
NRAS,3.59689995706962
CCDC171,3.59686225995145
TMCC3,3.59672857480787
B2M,3.5961061533002
OGFR,3.59609892068004
SLC30A9,3.59591416536134
PMM1,3.59583282127499
DMPK,3.59556592437411
PLSCR1,3.59512326318048
ATAD1,3.59512152552928
TPMT,3.59493156362514
BCL2L2,3.59473266708499
CFDP1,3.59444387722107
PIGH,3.59425262536337
MEPCE,3.59407755185665
SLC39A10,3.5936421211191
ORMDL1,3.59329624849357
LRRK2,3.5930789021098
KIAA1109,3.59306465152566
PARK7,3.59237085348245
KATNAL1,3.5918171606842
PSD3,3.59126018536937
VWA5A,3.59086067970702
NEXN,3.59084711626538
RLBP1,3.59055816780144
MCM4,3.59031917246322
DHX34,3.58960135144388
PDCD10,3.58941256674222
HLA-DOA,3.58923909201603
HDDC3,3.58913633277113
COX7A2L,3.58900358850226
GAB1,3.58892972189
ADD2,3.5889075495499
BRAF,3.58887291417453
CTBP1,3.5888306421192
PDIA4,3.58881172915401
RNMT,3.58875823068394
CCNYL1,3.58839811625134
SLC4A1AP,3.58833448654099
WASF3,3.58802695529204
CYTH2,3.58796143467179
WASHC4,3.58741502407157
SPTBN2,3.58733278935935
SRI,3.58704772299904
OCIAD1,3.58702583968399
CYP4F11,3.58701064955851
PSEN2,3.58698088805238
ASAP2,3.58671332254606
TYROBP,3.5867035248169
TFAM,3.58670343106183
ATL2,3.5866483626199
VIM,3.58630888601057
ABLIM2,3.58618706939899
TENT5A,3.58601519861268
DMXL2,3.5858726505525
FILIP1L,3.58581404919132
GFRA2,3.58565755412219
KCNH1,3.58560251067513
PPP1R37,3.58559697729065
RAB15,3.58545710984847
MOB3B,3.58353840002015
ARHGAP17,3.58305672575072
"NAV2",3.58301041664812
CDC37L1,3.58293959591296
MRPL34,3.58238092593638
PCNT,3.58208289647248
PPP5C,3.58195494466781
RPE,3.58191080077628
CCDC86,3.5816955536937
SUSD5,3.58147265547808
ZYG11B,3.58143224562441
WHRN,3.58076412877562
JAK2,3.58039159826397
FRRS1L,3.58024958012915
WASF1,3.57953328059682
CDC7,3.57943687317222
NRSN1,3.5793892036184
FASN,3.57934253239006
"NAPB",3.57877328557886
BRSK2,3.57865664298628
NTNG1,3.57849627156978
STAG1,3.57831601911772
PHF14,3.57721163535427
ISCU,3.5768939620782
SNRPN,3.5766606246171
JAK1,3.57641796098288
NFATC2,3.57632678747018
BNIP3L,3.57595573036939
TM7SF2,3.57559290251613
PLCB1,3.5753595318233
BCL2,3.57526474904789
HPCA,3.57509536333774
SAR1A,3.57470890969841
PAXBP1,3.57424383622285
TFB1M,3.57404184469275
SYNGR1,3.57332441363068
IFT122,3.57280062989722
TMEM121B,3.5727668258304
SMYD5,3.57249239688793
GNA11,3.57246189277149
CTSB,3.57223772939578
USP47,3.57218121566315
MRPL21,3.57215113557096
TMEM143,3.57142903699137
STRN3,3.57138480918845
CPE,3.57121070510563
ATP1B1,3.57116055227607
DYNC2LI1,3.57114961836359
PRKG2,3.57112263923722
POLD1,3.57095005190344
TMEM176A,3.57089916980208
SNX10,3.57086095870545
TMEM216,3.57071975550796
SMAP2,3.57065257835842
MRPL44,3.57046116264382
NFYC,3.57037170428037
GALK1,3.57033871711046
TMEM9,3.57020598375403
RELL1,3.57017345080288
ATXN10,3.56981837569795
GSK3B,3.56933063693383
STUB1,3.56923325329781
CGNL1,3.56880725804191
BRD2,3.56874409326168
STXBP5L,3.56872984238693
ARHGAP35,3.56843924576117
KCNMB4,3.5676943893233
OSTF1,3.56751512455819
GPHN,3.56748257989834
ADCY2,3.5672504286494
SLC25A23,3.56712657009711
TNFRSF11A,3.56693335606162
ZHX2,3.56683438778518
PHYKPL,3.56620571718253
LCN15,3.56597114743327
TNC,3.56583411414592
APOD,3.56555508517242
PACRGL,3.56539517468495
HSPA1L,3.56539481335671
PDS5A,3.56529215870889
MYORG,3.5652032502496
GRAMD2B,3.5650510847412
DOCK5,3.56490336272719
CSNK2B,3.56455264743136
BEND6,3.56442285749225
ATP5MK,3.56439883682063
AP2S1,3.56389978649787
ADAMTS3,3.56357266749678
ATP5F1C,3.56312617639272
EPHA6,3.56308115401724
EPHX4,3.56290698258497
NCEH1,3.56285928208524
AGT,3.56228128484745
MINDY1,3.56221739539582
PDCD6IP,3.56215155228397
BIN2,3.56177742866791
CNTNAP5,3.5616569056174
LRRC37A2,3.5611281710775202
CRKL,3.56092886114193
RCC1,3.5609198679306
MAPK9,3.56085495030418
IFT46,3.56085152164849
CDH2,3.56060438467967
IBA57,3.56046641788313
MTRR,3.56041370360835
TRAF3IP2,3.56035148300925
SETD7,3.5601848715601
ACSS2,3.56008205173896
OSCP1,3.55999818860923
HMOX1,3.55961775473087
ZDHHC11,3.55958023585052
COPB2,3.55911520848978
MIEF1,3.55816179878721
NEDD1,3.55788688877737
TMEM63C,3.55765816866548
SORCS3,3.55761313108135
AKAP6,3.55759381125112
TKT,3.55758639806218
MED11,3.55755242950807
PCCA,3.5574538937381
RASSF2,3.55732167761532
FAM210A,3.55698558013597
RUVBL1,3.55686370150561
UNC79,3.55651080198224
AGBL4,3.55641927460769
CNTN1,3.55629261931982
ADNP,3.55600063131965
PNMA8C,3.55585795619875
UBE2I,3.55567895869219
STX4,3.55525318404919
NMT2,3.55435211786572
OCA2,3.55425272629448
PGD,3.5542043020547
FAM83H,3.55280974768012
IP6K3,3.55246071217404
BACE1,3.55237265813796
RABL2B,3.5522294867833
CLCN6,3.5518919570489
EYA3,3.55098531305075
FBLL1,3.55090398899936
ATP5PF,3.55079054672099
SASH1,3.55060791798014
RFC1,3.55036965099717
PSMA4,3.55025549500811
ZCCHC24,3.55015623979672
MRPL55,3.55001938347539
NDUFB8,3.54994190599944
CDH20,3.54979092366841
ITGB1,3.5494091521542
POLDIP2,3.54933237397621
SELENOF,3.54894388475034
MBP,3.54812911466456
LGI2,3.54806358128982
ZNF554,3.54745725792324
MIX23,3.5470933166626
GYG1,3.54687922759712
MRPL18,3.54672352837135
DNAL4,3.54665390169935
S100B,3.54648555020419
SLC1A5,3.54624434705059
MYO1E,3.54613650456751
TPM1,3.54603392756486
TPM1,3.54603392756486
BMPER,3.54509775190661
LZTS1,3.54502750845274
PANK2,3.54490765178658
DDX25,3.54426681202791
PDE5A,3.54419859064164
CARD11,3.54404840032316
FEM1A,3.54322658019197
MPC1,3.54285920406733
ITGB8,3.54219763748736
FZD3,3.54214220108253
EXOC3-AS1,3.54203727104503
CSRP1,3.5416711997466
RASL12,3.54162182708672
REPS1,3.54128691719638
PAAF1,3.54079237056075
NIPSNAP3B,3.54077528276987
DAB1,3.5407054128744
EPHA3,3.54067837425644
SEPTIN11,3.54061831497432
RGS6,3.54038350461978
WASF2,3.53999130935055
MAGI1,3.53963222803343
TRIP11,3.53959649857828
HDGF,3.53937411172248
BEGAIN,3.53907738736062
SLC5A3,3.53866802086739
ACTN4,3.53842071712779
MARK4,3.5381383795826302
ARID4B,3.53797910758686
ITGAX,3.53772372044244
GLRX,3.53750401536053
ACYP2,3.53679694205773
NHLRC2,3.53677774845542
REEP2,3.53671272669288
AKAP8,3.53653067197633
DNAJC5,3.53644867279364
RIPK1,3.53644416201647
MOB1A,3.53604139061826
UCHL1,3.53595540915855
OLA1,3.53478872845304
MAP4K3,3.53438932308416
TMEM43,3.5343644616795
DIRAS1,3.53421941413526
MICOS10,3.53403254541769
BSN,3.53380902331412
ACSL6,3.53357658011371
SLC4A11,3.53353935379234
TSPYL5,3.53301212129056
PSD2,3.53287154914123
ZNF45,3.53279155518694
DDX24,3.53274224657313
TULP3,3.53236113535652
STMN4,3.53208380632258
MUC20-OT1,3.53199238663279
MIR7-3HG,3.53169892373874
LCP2,3.53158918410861
HAS1,3.53144274735322
CCDC93,3.53139202771158
CEP350,3.53138798360537
TMEM67,3.53132176624563
CSF1R,3.53129783938511
MRPL1,3.53125669423846
TMX4,3.53114327274545
CPNE5,3.53110156405085
SESTD1,3.5303309313858
ELOVL4,3.53027525686271
WAC-AS1,3.53026281505737
DLGAP1,3.53014874990442
CHSY1,3.5301229761793
LRRTM4,3.53005889988126
TARS2,3.53003136810694
TDRD7,3.52993542552018
VSTM2A,3.52984942306425
H2AZ2,3.52982295303633
H1-2,3.52981725716412
MIDEAS,3.52948468737292
ASPH,3.5292411956897
GNAZ,3.52914774176214
JAM2,3.52914463452985
NFKBIA,3.52902892399615
WSB2,3.52882717146042
C2CD5,3.52847994865213
SLC20A1,3.52701357755665
FGF1,3.52698676724504
RIF1,3.52682358629048
RASGRP3,3.52640728806934
LIMS1,3.5260606701559
NSMF,3.52543316407001
TSPAN13,3.52535850079711
KCNJ4,3.52533908369153
MEST,3.52504360324087
ZSCAN18,3.52493076529079
HERC1,3.52479106184061
IMPDH1,3.52458219061982
MAF,3.52437639599953
ADAM22,3.52425209226035
SMG9,3.52365551075599
WDR5,3.52331760861925
CEND1,3.52330334270597
C2orf80,3.52291775743119
PIK3R4,3.52272992145188
WDR18,3.52223234254618
TDRKH,3.52193244873014
PTK2,3.52191669944157
PTPRF,3.5218116322297
TAB2,3.52149903263248
KCTD21,3.52138365217594
CCDC65,3.52094593713508
SLC38A10,3.52094394065074
ATP5F1B,3.52067185391966
CHST12,3.52053522126277
DNAJC19,3.52031876392215
PIEZO1,3.52012752309012
TFIP11,3.51978890976096
CADM1,3.51950098617056
WASHC2A,3.51934607105153
FBLN7,3.51929036560379
MICU3,3.51904281447563
PPP2R1A,3.51875998209865
USP40,3.51875232252097
ATF7IP2,3.51868183949536
MRI1,3.51777829445858
TEP1,3.51708669040553
FGF12,3.51682811427653
SEMA5B,3.51662012068892
RRP15,3.51624593943727
PRKRIP1,3.5161838818010702
SFXN1,3.51605064718391
RAB3A,3.51603753755367
C19orf53,3.51494406638508
SNAP91,3.51474633490828
LACTB,3.51471576646883
IRAK2,3.51449966983424
MTARC2,3.51330530484135
PARP1,3.51291459584263
POLR2J3,3.51228783928562
NCOA5,3.51213329870931
ING1,3.5116674219499
INPP5K,3.51157717577225
MMAA,3.5114567179327
ANKRD28,3.51093275025948
MRPL40,3.51068018682348
MAN2C1,3.51060305313003
ANTXR1,3.51057804471941
ACP1,3.51036147120746
TNIP2,3.51017019947885
RELL2,3.51007899961653
MPP3,3.50975711836495
CDH9,3.50967902203325
SPEN,3.50957219616237
ALDH3B1,3.5092755068754
CCDC163,3.50902033868359
MRPL3,3.50856004647763
AKR1E2,3.50827667499022
SPRY4,3.50824934374684
SEPTIN10,3.50757821378814
MAN2A1,3.50751852637065
LAIR1,3.50735808734501
AP3M2,3.50728810531952
ATAD3C,3.50717758295785
CDIPT,3.50693934911215
APBB1IP,3.5065547190528
ARL1,3.50616267874305
LYNX1,3.50587999911973
SMARCD3,3.50552733778451
ATAD3A,3.50542331917985
TNS1,3.50525661813834
KMT2C,3.50523324937033
RAD51C,3.50515761977731
EIF4G1,3.50494183433621
PRPF4B,3.50465235324361
RIMS2,3.50457222893128
MMP2,3.5044898161786
OTULINL,3.50447205179486
SLIT3,3.50438684648716
NFKB1,3.50412694502117
TXN,3.5038147015862
AP1G1,3.5037907902936
THOC3,3.50366849985417
MAML1,3.50363486664061
TAF3,3.50355703791097
THOC7,3.50349483345451
FRAS1,3.50330091077022
TTC30A,3.50304110189351
G3BP2,3.50302804133772
AIG1,3.50275263948647
TXNRD1,3.50267218806836
SCUBE3,3.502628245726
CEBPZOS,3.50261640549509
TAGLN3,3.50237064064739
EFCAB2,3.50184238212728
PARS2,3.50182287778251
FAM151B,3.50160485293977
CD4,3.50133723224235
PMS2P1,3.50112394717143
EFR3B,3.50107632660852
IL18,3.5006275769972
XRCC5,3.50055652972565
C7orf50,3.50052044000989
SULT1A1,3.50051886256706
VPS26A,3.50012183702949
MAP3K9,3.49986864739022
NIPSNAP2,3.49985170812546
LINC01168,3.49951347405409
TGFBI,3.49949645060244
TMEM241,3.49929221450279
ARFGAP1,3.49911225775412
BST2,3.49907252091022
"NAV1",3.49906207543137
PIGS,3.4988176588424
PTGES3,3.49879883703785
SCRN3,3.49871442819679
ERO1A,3.49860233882722
COX5A,3.49841726093413
FNBP1,3.49791918106797
GGCT,3.49735878213292
COBL,3.49734848577046
FAM3C,3.49734065709105
GCLC,3.4971740476482
NPRL3,3.49689260022459
SFXN3,3.49674858078914
LRRC2,3.4966787951554
MRPL48,3.4962622437063
IMMP2L,3.49608210024967
CHST3,3.49603196905058
LRP2,3.49601994815126
DDX55,3.49558861253322
RCN2,3.49539241941932
ST6GAL1,3.49512218159052
PINLYP,3.49505570402555
CNN3,3.49495557494494
DENND10,3.4948732576847
TRIM65,3.4948303290466
DTYMK,3.49463433622745
RDH13,3.49453273077551
MAGI3,3.49452454066862
LUC7L2,3.49448010591306
FKBP5,3.49419805046609
GRM7,3.49408170086092
SETD1A,3.49398027703325
LNP1,3.49362046332208
IFRD1,3.49350427544744
RSU1,3.49343560649937
LSM7,3.49323900402772
CAPRIN2,3.49314206944948
SNRPC,3.49302895924253
ADH5,3.49274964736439
MAP4K4,3.49260545850736
PRDX1,3.49258520875709
RAB37,3.49248447268465
ADGRE5,3.4923962797424
KCNIP4,3.4923010881848
PLOD3,3.49229001224296
MTTP,3.49215476486345
MPC2,3.4921121462259
GABRB1,3.49188722046702
USP7,3.49150690576979
PIGK,3.49126130778689
FSTL5,3.49118093073671
XRCC4,3.4910489391334
ARHGAP27,3.4906322595115
LRP1,3.49043758595612
ZNF646,3.49043061542362
ARHGEF7,3.49030495274457
CCND3,3.48993774984358
PCP4,3.48969987736186
HIF1AN,3.48960068314534
PICK1,3.48916729966172
MS4A6A,3.48878187321577
MS4A6A,3.48878187321577
SGCE,3.48830208109597
MIF4GD,3.48793521265504
IGFBP5,3.4877767344033
EPCAM,3.48745668732356
MFHAS1,3.48737164089913
STAT6,3.48720238126239
ARMH4,3.48713488304669
MDH1B,3.48680866697219
PRPF31,3.48671401548177
ARHGAP24,3.48654142463783
MRPL20,3.48654053499034
PPIA,3.48652834584813
PPIA,3.48652834584813
COL5A2,3.4861814433119
NUCB1,3.48605254860576
EPHA4,3.4859340749713
PLPPR4,3.48587488305655
ZDHHC2,3.48543846977178
ZNF519,3.48540320590351
TIPRL,3.48493916178649
RNF169,3.48470906651024
TMEM150C,3.48455727421444
WDSUB1,3.48443282412542
TMEM30A,3.48414247230807
ST8SIA5-DT,3.48406958685997
SUPV3L1,3.48370997863052
GPSM3,3.48362386173556
INVS,3.48358393573653
CAP1,3.48337880592805
